game_type,elo_level,baseline_cpl,baseline_wpl,game_sides,moves
blitz,high,18.32653866363378,1.4348751779335618,77600,1761577
blitz,low,22.233936392899935,1.4592846638799308,16256,270252
blitz,medium,20.60060960230169,1.5165994095821798,103323,2033444
blitz,top,15.301235229280907,1.2472064461249892,2690,69691
bullet,high,20.590105497741046,1.5523521784960375,75524,1496900
bullet,low,23.679327834284717,1.5563044457262625,15085,209245
bullet,medium,22.092273647199995,1.5839888519108323,105467,1849881
bullet,top,17.646231517804928,1.3852314489868516,3404,78048
rapid,high,18.260017271655673,1.4132465837986252,59314,1340093
rapid,low,22.319123438817442,1.4053599282105735,20011,328601
rapid,medium,20.447931612929924,1.4673607408420835,120327,2343449
rapid,top,13.36169059293085,1.0485743581531375,135,3729
