game_type,elo_class,baseline_cpl,baseline_wpl,game_sides,moves
blitz,1,22.233936392899935,1.4592846638799308,16256,270252
blitz,2,21.34716372586978,1.5101152751848168,26602,487862
blitz,3,20.628304895357736,1.5188293840358194,37284,729829
blitz,4,20.070842528197176,1.5188650123336351,39437,815753
blitz,5,19.304186791021376,1.4906904776724164,36070,787569
blitz,6,17.998938231865047,1.4171920040643216,27106,623077
blitz,7,16.497376804832673,1.328528966710541,14424,350931
blitz,8,15.301235229280907,1.2472064461249892,2690,69691
bullet,1,23.679327834284717,1.5563044457262625,15085,209245
bullet,2,22.541346533662736,1.5720899072623007,27271,434026
bullet,3,22.112622123001856,1.5852448122040323,37293,654241
bullet,4,21.774313536821694,1.5907770481872865,40903,761614
bullet,5,21.176414725507218,1.5759472952016549,35488,686225
bullet,6,20.37254396351785,1.5448967187397495,29620,592322
bullet,7,19.211191401036462,1.4931631631669575,10416,218353
bullet,8,17.646231517804928,1.3852314489868516,3404,78048
rapid,1,22.319123438817442,1.4053599282105735,20011,328601
rapid,2,21.096579781741653,1.43623945761001,32066,575880
rapid,3,20.5454887387242,1.4694534806903148,43919,846710
rapid,4,19.88223399918052,1.4877933786736017,44342,920859
rapid,5,18.900969689155524,1.4529126070408718,36381,800717
rapid,6,17.532213626563895,1.3715798430942256,19643,457874
rapid,7,15.517694201587553,1.2233895005403712,3290,81502
rapid,8,13.36169059293085,1.0485743581531375,135,3729
