game_type,elo_level,N,D,L,F,S,M_shock,M_all
blitz,high,2.473991107004012,39.08356159443944,1.7571068734310782,36.88055122941167,6.984290204524891,1.3677504514209806,1.1103901684673565
blitz,low,2.62944306300399,45.260267107791755,1.8131550093332491,49.9599610624527,7.538894885008517,1.0105495198934267,0.8984117814314491
blitz,medium,2.562709049134571,42.34543111486183,1.8033432882435814,43.16321920384299,7.358398987993544,1.171830429734017,0.9946606011243415
blitz,top,2.2216471585099877,33.65538801718257,1.5776967933427333,30.444269776921285,6.215766072319745,1.6234492938282454,1.214785619064778
bullet,high,2.650125979899673,45.478665528093444,1.775432969470088,40.48205146441648,7.394429182611721,1.1348182652972243,0.9478553637475922
bullet,low,2.6380640037304546,48.7249696202128,1.6957781383045594,44.3328696291686,6.612643355137153,0.8924569026985935,0.7876168953874844
bullet,medium,2.6059347942149214,46.181652701180774,1.7311487031061035,42.666151795923554,7.038067337202852,0.9853423784964854,0.850547323920674
bullet,top,2.4744234814214,37.44622684416267,1.7616476188728045,34.44281210963549,7.102411204874772,1.291611155868176,1.0313671656453176
rapid,high,2.5160135028442827,38.398569064897366,1.7824818019063557,36.32611827626255,7.003883848074147,1.4077905377649607,1.1503820985923416
rapid,low,2.657405688500812,45.54479308924338,1.8783745871506736,52.522915151627444,7.892244364559922,0.9840093864515265,0.9084651991211842
rapid,medium,2.621086156313528,42.24826447637654,1.8341038747998684,43.233145954454585,7.459192197971436,1.184477551992366,1.0207357350986201
rapid,top,2.1668310259816512,30.792119059509606,1.854385730840927,35.35364576628282,6.907817941864763,1.6629988989130926,1.4548245561251303
