category,metric,elo_level,events,own_cutoffs,share_pile_1,share_pile_2,share_pile_3,share_pile_4,share_pile_5,share_pile_6,share_pile_7,share_pile_8,cutoff_1,cutoff_2,cutoff_3,cutoff_4,cutoff_5,cutoff_6,cutoff_7
mistake,cpl,low,125175,True,0.01642188275509652,0.6356259443729364,0.16126839319675343,0.06974804795189765,0.03919417179124209,0.020544784492605106,0.01018707184986546,0.04700970358960339,101.0,235.0,372.0,496.0,642.0,857.0,1167.6073628749873
mistake,cpl,medium,638846,True,0.01642188275509652,0.6356259443729364,0.16126839319675343,0.06974804795189765,0.03919417179124209,0.020544784492605106,0.01018707184986546,0.04700970358960339,101.0,203.0,306.0,407.0,507.0,609.0,712.0
mistake,cpl,high,319274,True,0.01642188275509652,0.6356259443729364,0.16126839319675343,0.06974804795189765,0.03919417179124209,0.020544784492605106,0.01018707184986546,0.04700970358960339,100.0,186.0,268.0,349.0,436.0,514.0,577.0709058365901
mistake,cpl,top,6714,True,0.01642188275509652,0.6356259443729364,0.16126839319675343,0.06974804795189765,0.03919417179124209,0.020544784492605106,0.01018707184986546,0.04700970358960339,100.0,172.0,235.79178704029073,299.0,365.120908175988,412.0,450.27157940897996
shock_nonsig,cpl,low,38103,True,0.006223209950904923,0.5945541071368301,0.1956715329035675,0.08244909403875161,0.042866674801581635,0.022366689080953656,0.010961365211815012,0.04490732687559552,101.0,243.0,388.0,523.0,684.0,929.0,1216.0
shock_nonsig,cpl,medium,222207,True,0.006223209950904923,0.5945541071368301,0.1956715329035675,0.08244909403875161,0.042866674801581635,0.022366689080953656,0.010961365211815012,0.04490732687559552,101.0,205.0,309.0,412.0,512.0,616.0,723.0
shock_nonsig,cpl,high,122098,True,0.006223209950904923,0.5945541071368301,0.1956715329035675,0.08244909403875161,0.042866674801581635,0.022366689080953656,0.010961365211815012,0.04490732687559552,100.0,184.0,264.0,343.0,423.0,498.0,557.0
shock_nonsig,cpl,top,2763,True,0.006223209950904923,0.5945541071368301,0.1956715329035675,0.08244909403875161,0.042866674801581635,0.022366689080953656,0.010961365211815012,0.04490732687559552,100.0,173.0,237.0,306.5161214110094,373.91387721297815,434.381344909144,479.8638526784216
shock_sig,cpl,low,78230,True,0.0015665699188807025,0.3255302522884572,0.21730296941281535,0.13348093572474015,0.09303788047927365,0.0579506834362829,0.032680905956190616,0.1384498027833594,101.0,238.0,373.0,489.0,611.0,755.6157860137464,905.0
shock_sig,cpl,medium,458589,True,0.0015665699188807025,0.3255302522884572,0.21730296941281535,0.13348093572474015,0.09303788047927365,0.0579506834362829,0.032680905956190616,0.1384498027833594,101.0,205.0,310.0,412.0,513.0,616.0,724.0
shock_sig,cpl,high,263151,True,0.0015665699188807025,0.3255302522884572,0.21730296941281535,0.13348093572474015,0.09303788047927365,0.0579506834362829,0.032680905956190616,0.1384498027833594,100.0,187.0,270.0,356.0,448.0,534.0,612.0
shock_sig,cpl,top,6250,True,0.0015665699188807025,0.3255302522884572,0.21730296941281535,0.13348093572474015,0.09303788047927365,0.0579506834362829,0.032680905956190616,0.1384498027833594,100.0,171.0,232.0,297.0,368.0,428.0,481.0
mistake,wpl,low,125175,True,0.08835798603497769,0.30109659645012105,0.29787827439956915,0.12353109011026514,0.06344534769896396,0.039450132980553373,0.028049309684598935,0.05819126264095067,4.120601971121016,9.794118881225586,16.060420145872943,23.063440322875977,29.715855648214443,35.49038314819336,41.53553163155849
mistake,wpl,medium,638846,True,0.08835798603497769,0.30109659645012105,0.29787827439956915,0.12353109011026514,0.06344534769896396,0.039450132980553373,0.028049309684598935,0.05819126264095067,4.948368549346924,10.022790908813477,15.174333572387695,20.290245056152344,25.424386978149414,30.44754637148312,35.41338348388672
mistake,wpl,high,319274,True,0.08835798603497769,0.30109659645012105,0.29787827439956915,0.12353109011026514,0.06344534769896396,0.039450132980553373,0.028049309684598935,0.05819126264095067,5.542344093322754,10.031051941229546,14.39956689413552,18.618610382080078,22.6982673622415,26.927467346191406,31.553444910184655
mistake,wpl,top,6714,True,0.08835798603497769,0.30109659645012105,0.29787827439956915,0.12353109011026514,0.06344534769896396,0.039450132980553373,0.028049309684598935,0.05819126264095067,6.065221141102196,9.94528871171452,13.928601264953613,17.565697294515683,20.781405846553092,24.385233122638507,28.161565191072516
shock_nonsig,wpl,low,38103,True,0.07107232891365134,0.2395040125035374,0.3178380511513068,0.15036697986089295,0.07887665478449832,0.047765797528889764,0.03186117334898007,0.06271500190824335,4.000002025060266,9.691954612731934,16.526151146939448,23.914155864069595,31.07478754057984,37.31856640369963,43.97364860308918
shock_nonsig,wpl,medium,222207,True,0.07107232891365134,0.2395040125035374,0.3178380511513068,0.15036697986089295,0.07887665478449832,0.047765797528889764,0.03186117334898007,0.06271500190824335,4.901659325575507,10.011137962341309,15.235261638643662,20.436368871883595,25.63020133972168,30.687345389063317,35.729683744387465
shock_nonsig,wpl,high,122098,True,0.07107232891365134,0.2395040125035374,0.3178380511513068,0.15036697986089295,0.07887665478449832,0.047765797528889764,0.03186117334898007,0.06271500190824335,5.568565938779342,10.049895286560059,14.316423374813645,18.426324374340798,22.427178451549697,26.61306624813137,30.83917404889634
shock_nonsig,wpl,top,2763,True,0.07107232891365134,0.2395040125035374,0.3178380511513068,0.15036697986089295,0.07887665478449832,0.047765797528889764,0.03186117334898007,0.06271500190824335,6.363565031208152,10.049632250649706,13.727181064019769,17.41745346531531,20.74062175428806,24.602744908049342,28.00149884034737
shock_sig,wpl,low,78230,True,0.04748083649624172,0.16137034556324575,0.21382128947433704,0.14866909776487808,0.10315174518121605,0.07684130882389423,0.06416114708144179,0.18450422961474536,4.090176864173198,9.111541834753142,15.788373277559423,22.94711685180664,29.73543870163692,35.43723928644066,41.1006155712751
shock_sig,wpl,medium,458589,True,0.04748083649624172,0.16137034556324575,0.21382128947433704,0.14866909776487808,0.10315174518121605,0.07684130882389423,0.06416114708144179,0.18450422961474536,4.918287754058838,9.953340611069006,15.214388072019604,20.48270002126971,25.727683184452125,30.809078072428672,35.78175199430643
shock_sig,wpl,high,263151,True,0.04748083649624172,0.16137034556324575,0.21382128947433704,0.14866909776487808,0.10315174518121605,0.07684130882389423,0.06416114708144179,0.18450422961474536,5.45011234581537,10.230776208770296,14.577582359313965,18.81186362922314,22.95314598083496,27.21388816833496,31.950535246612077
shock_sig,wpl,top,6250,True,0.04748083649624172,0.16137034556324575,0.21382128947433704,0.14866909776487808,0.10315174518121605,0.07684130882389423,0.06416114708144179,0.18450422961474536,5.882339217775128,10.419835044007451,13.964051693011191,17.42278047324451,20.744149647325404,24.232208723694363,28.582472416637206
