level,contrast,contrast_se,adjusted,adjusted_se,events,factor,metric,tier,model,reference
ahead-ahead,0.0,0.0,4.416157407547114,0.011855736940540007,825855,standing,wpl,All tiers,pooled,ahead-ahead
ahead-level,-0.1291700700491185,0.01968386856659969,4.286987337497996,0.011782690611758722,825855,standing,wpl,All tiers,pooled,ahead-ahead
ahead-behind,0.21831808518037885,0.026844048242769893,4.634475492727493,0.02000358503205906,825855,standing,wpl,All tiers,pooled,ahead-ahead
level-behind,-0.7296314315397363,0.017279559143824858,3.6865259760073776,0.008351414449978058,825855,standing,wpl,All tiers,pooled,ahead-ahead
behind-behind,-1.474265121933528,0.015548659048220378,2.9418922856135854,0.009866793609650955,825855,standing,wpl,All tiers,pooled,ahead-ahead
ahead-ahead,0.0,0.0,5.241221538622438,0.021633834176431905,523551,standing,wpl,All tiers,within-game,ahead-ahead
ahead-level,-1.410473902244162,0.033706240567747695,3.830747636378276,0.0216208722568575,523551,standing,wpl,All tiers,within-game,ahead-ahead
ahead-behind,-1.7371287973075327,0.04555547924691476,3.504092741314905,0.03385445755881709,523551,standing,wpl,All tiers,within-game,ahead-ahead
level-behind,-2.6358910792514227,0.03227277099948025,2.605330459371015,0.015817764736333742,523551,standing,wpl,All tiers,within-game,ahead-ahead
behind-behind,-3.0343312353457748,0.0315896872745043,2.2068903032766634,0.017710901789936784,523551,standing,wpl,All tiers,within-game,ahead-ahead
ahead-ahead,0.0,0.0,5.760535524703601,0.041646847678672404,117656,standing,wpl,Never capitalized,within-game,ahead-ahead
ahead-level,-1.2762774697837738,0.07047144088219376,4.484258054919827,0.04940454583463932,117656,standing,wpl,Never capitalized,within-game,ahead-ahead
ahead-behind,-1.6283187771631973,0.11014657933617127,4.132216747540404,0.09177452489691343,117656,standing,wpl,Never capitalized,within-game,ahead-ahead
level-behind,-2.856638710127365,0.06786256756710764,2.9038968145762363,0.03659695035546722,117656,standing,wpl,Never capitalized,within-game,ahead-ahead
behind-behind,-3.3587877169557374,0.07251558474770108,2.4017478077478636,0.046436277601093104,117656,standing,wpl,Never capitalized,within-game,ahead-ahead
ahead-ahead,0.0,0.0,4.907543659368876,0.0698024250469981,87162,standing,wpl,"Capitalized, held",within-game,ahead-ahead
ahead-level,-1.818560052221828,0.08980216036528267,3.088983607147049,0.05067800409074025,87162,standing,wpl,"Capitalized, held",within-game,ahead-ahead
ahead-behind,-2.141602156782401,0.09926639728463515,2.765941502586476,0.051740465176971846,87162,standing,wpl,"Capitalized, held",within-game,ahead-ahead
level-behind,-3.222498166376368,0.0888914958099758,1.685045492992509,0.03178903985640112,87162,standing,wpl,"Capitalized, held",within-game,ahead-ahead
behind-behind,-3.9350298495026577,0.08600605239276184,0.9725138098662192,0.028298112212051512,87162,standing,wpl,"Capitalized, held",within-game,ahead-ahead
ahead-ahead,0.0,0.0,5.262311601329262,0.09127612302998457,25980,standing,wpl,"Capitalized, given back",within-game,ahead-ahead
ahead-level,-1.723619967793648,0.1487991950556594,3.538691633535614,0.10143657151303545,25980,standing,wpl,"Capitalized, given back",within-game,ahead-ahead
ahead-behind,-2.016305005225934,0.21927101738598717,3.246006596103328,0.1748635478759629,25980,standing,wpl,"Capitalized, given back",within-game,ahead-ahead
level-behind,-2.7753603977500503,0.15335910994263535,2.4869512035792116,0.0870320790575676,25980,standing,wpl,"Capitalized, given back",within-game,ahead-ahead
behind-behind,-3.40832759624366,0.16633010834523826,1.8539840050856013,0.10492044349652493,25980,standing,wpl,"Capitalized, given back",within-game,ahead-ahead
ahead-ahead,0.0,0.0,87.46593153118133,0.24656072150161307,825855,standing,cpl,All tiers,pooled,ahead-ahead
ahead-level,-19.482574776568235,0.3952496659895169,67.98335675461308,0.24224437089051715,825855,standing,cpl,All tiers,pooled,ahead-ahead
ahead-behind,-17.07378697056721,0.5642029230809943,70.39214456061411,0.4338715915538595,825855,standing,cpl,All tiers,pooled,ahead-ahead
level-behind,-20.57407836322513,0.3547621908698667,66.8918531679562,0.18718471944278928,825855,standing,cpl,All tiers,pooled,ahead-ahead
behind-behind,10.538566798348135,0.41706496357292805,98.00449832952947,0.29276791497711835,825855,standing,cpl,All tiers,pooled,ahead-ahead
ahead-ahead,0.0,0.0,106.48473185720187,0.48571122900975455,523551,standing,cpl,All tiers,within-game,ahead-ahead
ahead-level,-44.24944614270588,0.7412040384987368,62.23528571449599,0.4988689007598203,523551,standing,cpl,All tiers,within-game,ahead-ahead
ahead-behind,-54.161248445615975,1.0007961857743906,52.3234834115859,0.7711609508536986,523551,standing,cpl,All tiers,within-game,ahead-ahead
level-behind,-59.48036249775674,0.7240606921899537,47.004369359445136,0.3799822439331116,523551,standing,cpl,All tiers,within-game,ahead-ahead
behind-behind,-7.640073743532374,0.8015307885229482,98.8446581136695,0.4707774627716695,523551,standing,cpl,All tiers,within-game,ahead-ahead
ahead-ahead,0.0,0.0,122.9549816922673,0.8975225249854648,117656,standing,cpl,Never capitalized,within-game,ahead-ahead
ahead-level,-48.79382361119815,1.4937304009356513,74.16115808106915,1.0743998698738468,117656,standing,cpl,Never capitalized,within-game,ahead-ahead
ahead-behind,-65.65937969408404,2.3319745791130755,57.29560199818325,1.9773755211057473,117656,standing,cpl,Never capitalized,within-game,ahead-ahead
level-behind,-77.38318969595254,1.4337444004479674,45.57179199631475,0.798820108027763,117656,standing,cpl,Never capitalized,within-game,ahead-ahead
behind-behind,-48.205721496340935,1.740936205217405,74.74926019592635,1.1433617490667556,117656,standing,cpl,Never capitalized,within-game,ahead-ahead
ahead-ahead,0.0,0.0,72.08966563029004,1.7066855949782829,87162,standing,cpl,"Capitalized, held",within-game,ahead-ahead
ahead-level,-27.80301130313581,2.1856581532374495,44.28665432715424,1.4482954027238437,87162,standing,cpl,"Capitalized, held",within-game,ahead-ahead
ahead-behind,-21.685937052609376,2.443071422153578,50.40372857768067,1.527316454096687,87162,standing,cpl,"Capitalized, held",within-game,ahead-ahead
level-behind,-23.254642804402106,2.2916380960336538,48.83502282588794,1.04838125305365,87162,standing,cpl,"Capitalized, held",within-game,ahead-ahead
behind-behind,50.41887058477851,2.3623786177158737,122.50853621506856,1.0095439797726882,87162,standing,cpl,"Capitalized, held",within-game,ahead-ahead
ahead-ahead,0.0,0.0,107.7197634656889,2.001119988139016,25980,standing,cpl,"Capitalized, given back",within-game,ahead-ahead
ahead-level,-46.02490703742682,3.1804665923046,61.69485642826207,2.196511299126702,25980,standing,cpl,"Capitalized, given back",within-game,ahead-ahead
ahead-behind,-61.7214633596098,4.646082613808781,45.9983001060791,3.7882100505549987,25980,standing,cpl,"Capitalized, given back",within-game,ahead-ahead
level-behind,-62.23768310396779,3.2981096639554797,45.4820803617211,1.957355333095584,25980,standing,cpl,"Capitalized, given back",within-game,ahead-ahead
behind-behind,-36.196326948324135,4.087761933898904,71.52343651736476,2.660509246613034,25980,standing,cpl,"Capitalized, given back",within-game,ahead-ahead
low,0.0,0.0,3.7597967260202094,0.00671179062429209,826981,stress,wpl,All tiers,pooled,low
medium,0.21023815508720492,0.012505093896485565,3.9700348811074146,0.007723356955979773,826981,stress,wpl,All tiers,pooled,low
high,0.45005653995868344,0.016884843891123737,4.209853265978893,0.01229805091942417,826981,stress,wpl,All tiers,pooled,low
low,0.0,0.0,2.5213251767744573,0.012312496230973052,524699,stress,wpl,All tiers,within-game,low
medium,1.0750081336949118,0.021716171427528883,3.5963333104693693,0.012905954841725676,524699,stress,wpl,All tiers,within-game,low
high,2.068612836965832,0.026710235159903332,4.58993801374029,0.01741609601993546,524699,stress,wpl,All tiers,within-game,low
low,0.0,0.0,2.99422467340984,0.02651782453857214,118064,stress,wpl,Never capitalized,within-game,low
medium,1.2136993956638662,0.04902910237661788,4.207924069073706,0.03001105581929978,118064,stress,wpl,Never capitalized,within-game,low
high,2.156905279323098,0.05748436807103422,5.151129952732938,0.037670522979537886,118064,stress,wpl,Never capitalized,within-game,low
low,0.0,0.0,1.712507572821187,0.024877691454610627,87213,stress,wpl,"Capitalized, held",within-game,low
medium,0.6384129923355959,0.042590126547846226,2.350920565156783,0.0250068776684846,87213,stress,wpl,"Capitalized, held",within-game,low
high,1.493328373145046,0.0536553392008365,3.205835945966233,0.03482850500596159,87213,stress,wpl,"Capitalized, held",within-game,low
low,0.0,0.0,2.292866187522262,0.06340507201556168,26050,stress,wpl,"Capitalized, given back",within-game,low
medium,1.243407819399415,0.10709116389051633,3.5362740069216767,0.06270461208648723,26050,stress,wpl,"Capitalized, given back",within-game,low
high,2.448500936908291,0.12629366397723749,4.741367124430553,0.07733829497535864,26050,stress,wpl,"Capitalized, given back",within-game,low
low,0.0,0.0,69.4261887482024,0.15236005734288924,826981,stress,cpl,All tiers,pooled,low
medium,6.815450695423579,0.2777261222854178,76.241639443626,0.17690271072336422,826981,stress,cpl,All tiers,pooled,low
high,28.955284296822832,0.4075245102645116,98.38147304502525,0.3014885819076101,826981,stress,cpl,All tiers,pooled,low
low,0.0,0.0,41.37105133412017,0.2895894368872477,524699,stress,cpl,All tiers,within-game,low
medium,34.72355184368961,0.5204595421589985,76.09460317780977,0.31156299920687663,524699,stress,cpl,All tiers,within-game,low
high,86.5026196581755,0.621848832972669,127.87367099229567,0.40749966465738946,524699,stress,cpl,All tiers,within-game,low
low,0.0,0.0,45.70819173675966,0.5795962437495012,118064,stress,cpl,Never capitalized,within-game,low
medium,33.79398087004378,1.0932594426103606,79.50217260680344,0.6849340376873636,118064,stress,cpl,Never capitalized,within-game,low
high,82.89308933101768,1.268252432280401,128.60128106777734,0.8468227419203931,118064,stress,cpl,Never capitalized,within-game,low
low,0.0,0.0,36.9523290525042,0.7840030692724427,87213,stress,cpl,"Capitalized, held",within-game,low
medium,33.000960117826644,1.3824146736942156,69.95328917033083,0.7936436406987535,87213,stress,cpl,"Capitalized, held",within-game,low
high,97.08988182192833,1.6026368310602923,134.04221087443253,1.0196935237297542,87213,stress,cpl,"Capitalized, held",within-game,low
low,0.0,0.0,39.73927033704976,1.4248358899102123,26050,stress,cpl,"Capitalized, given back",within-game,low
medium,28.866601794678434,2.4109888196845013,68.60587213172819,1.4220306832300658,26050,stress,cpl,"Capitalized, given back",within-game,low
high,75.1940010204533,2.852247326034788,114.93327135750306,1.75627336248217,26050,stress,cpl,"Capitalized, given back",within-game,low
player -5,0.0,0.0,4.428817526092,0.023585640858386006,826981,game flow,wpl,All tiers,pooled,player -5
player -2,0.09044808601159725,0.028657580075032732,4.519265612103597,0.011535394683690607,826981,game flow,wpl,All tiers,pooled,player -5
even,-0.6598572358632387,0.026576010481023784,3.768960290228761,0.0054410890787706,826981,game flow,wpl,All tiers,pooled,player -5
opponent +2,-0.9090489955357043,0.03014983350384478,3.519768530556295,0.017697164862194862,826981,game flow,wpl,All tiers,pooled,player -5
opponent +5,-1.4788452764943738,0.03392998467935073,2.9499722495976255,0.02897698581300421,826981,game flow,wpl,All tiers,pooled,player -5
player -5,0.0,0.0,4.867007555100626,0.033447459623277276,524699,game flow,wpl,All tiers,within-game,player -5
player -2,-0.37946918875001967,0.0418363873490846,4.487538366350606,0.02048741704805599,524699,game flow,wpl,All tiers,within-game,player -5
even,-2.079204492756742,0.038588595450327355,2.787803062343884,0.009029987290329104,524699,game flow,wpl,All tiers,within-game,player -5
opponent +2,-1.052268704197337,0.042891974547365645,3.8147388509032885,0.020693563343631285,524699,game flow,wpl,All tiers,within-game,player -5
opponent +5,-2.716095009530611,0.0518637587478875,2.150912545570015,0.04109167224887799,524699,game flow,wpl,All tiers,within-game,player -5
player -5,0.0,0.0,6.020941099274457,0.05859670988422697,118064,game flow,wpl,Never capitalized,within-game,player -5
player -2,-0.4295871016135198,0.07717074195234612,5.591353997660937,0.03736396806096387,118064,game flow,wpl,Never capitalized,within-game,player -5
even,-2.9027623992111944,0.07046677655224344,3.1181787000632624,0.020196943117269328,118064,game flow,wpl,Never capitalized,within-game,player -5
opponent +2,-3.602034614169697,0.1010106760287664,2.4189064851047593,0.07204323854294627,118064,game flow,wpl,Never capitalized,within-game,player -5
opponent +5,-5.504266316246081,0.13720741460573171,0.5166747830283751,0.12320293683232245,118064,game flow,wpl,Never capitalized,within-game,player -5
player -5,0.0,0.0,3.3457672445379623,0.11806041719244412,87213,game flow,wpl,"Capitalized, held",within-game,player -5
player -2,-0.4536109598732634,0.12955876592884844,2.892156284664699,0.05867830978485404,87213,game flow,wpl,"Capitalized, held",within-game,player -5
even,-1.286659513809269,0.12783457741306326,2.0591077307286936,0.018421072345270066,87213,game flow,wpl,"Capitalized, held",within-game,player -5
opponent +2,-0.6799715992040106,0.13038536458019365,2.6657956453339517,0.02938071598272145,87213,game flow,wpl,"Capitalized, held",within-game,player -5
opponent +5,-1.8556859240226449,0.14444580600659535,1.4900813205153176,0.06122094605884119,87213,game flow,wpl,"Capitalized, held",within-game,player -5
player -5,0.0,0.0,4.031531879147495,0.1867637957104979,26050,game flow,wpl,"Capitalized, given back",within-game,player -5
player -2,0.22119573827964056,0.2148071866649752,4.252727617427135,0.1129633399456158,26050,game flow,wpl,"Capitalized, given back",within-game,player -5
even,-1.0425872574461688,0.2139371861287837,2.988944621701326,0.046871747239984024,26050,game flow,wpl,"Capitalized, given back",within-game,player -5
opponent +2,0.17219824669487488,0.241428256892253,4.20373012584237,0.10735195052761701,26050,game flow,wpl,"Capitalized, given back",within-game,player -5
opponent +5,-2.263296206120292,0.3013850797363834,1.7682356730272029,0.22237243112804883,26050,game flow,wpl,"Capitalized, given back",within-game,player -5
player -5,0.0,0.0,100.55514288900676,0.5562183829450005,826981,game flow,cpl,All tiers,pooled,player -5
player -2,-16.99077304856321,0.674049948463867,83.56436984044355,0.25997950495472816,826981,game flow,cpl,All tiers,pooled,player -5
even,-33.826578718943175,0.614927320468612,66.72856417006358,0.12105599987453741,826981,game flow,cpl,All tiers,pooled,player -5
opponent +2,0.9688780830432254,0.8033249924741647,101.52402097204998,0.5167755324966751,826981,game flow,cpl,All tiers,pooled,player -5
opponent +5,33.04429932291359,1.1371979519385778,133.59944221192035,1.0199923249859313,826981,game flow,cpl,All tiers,pooled,player -5
player -5,0.0,0.0,116.58055034270484,0.7949343436103653,524699,game flow,cpl,All tiers,within-game,player -5
player -2,-31.799602716537592,0.9954682355058081,84.78094762616725,0.49221551324737167,524699,game flow,cpl,All tiers,within-game,player -5
even,-66.7785199764966,0.898060779320115,49.80203036620824,0.20269463770872415,524699,game flow,cpl,All tiers,within-game,player -5
opponent +2,-6.1989393828663415,1.0715376238533725,110.3816109598385,0.5458301737871698,524699,game flow,cpl,All tiers,within-game,player -5
opponent +5,22.128069551252235,1.4352274547502026,138.70861989395706,1.1532049830449693,524699,game flow,cpl,All tiers,within-game,player -5
player -5,0.0,0.0,143.88787230339324,1.3284011937214641,118064,game flow,cpl,Never capitalized,within-game,player -5
player -2,-41.96511444833294,1.7870736198731685,101.9227578550603,0.8675501299744914,118064,game flow,cpl,Never capitalized,within-game,player -5
even,-92.95272822810163,1.5425373948432524,50.93514407529161,0.42921797989637367,118064,game flow,cpl,Never capitalized,within-game,player -5
opponent +2,-68.57562327430878,2.471213345835769,75.31224902908446,1.8029403724600785,118064,game flow,cpl,Never capitalized,within-game,player -5
opponent +5,-62.34358036981831,3.8650250338844527,81.54429193357493,3.4870390278622394,118064,game flow,cpl,Never capitalized,within-game,player -5
player -5,0.0,0.0,55.36377245852937,3.207515388167025,87213,game flow,cpl,"Capitalized, held",within-game,player -5
player -2,-9.690683102289686,3.452702836924761,45.673089356239686,1.669261031331195,87213,game flow,cpl,"Capitalized, held",within-game,player -5
even,-5.255769435199367,3.482148736724445,50.10800302333,0.5461390138404677,87213,game flow,cpl,"Capitalized, held",within-game,player -5
opponent +2,65.3894527720457,3.6452187656152337,120.75322523057507,1.0380588180217318,87213,game flow,cpl,"Capitalized, held",within-game,player -5
opponent +5,108.12898911045059,4.181604337254454,163.49276156897997,2.104464515753584,87213,game flow,cpl,"Capitalized, held",within-game,player -5
player -5,0.0,0.0,104.76940832590739,4.428449581171168,26050,game flow,cpl,"Capitalized, given back",within-game,player -5
player -2,-23.973056124551462,5.250065536760452,80.79635220135593,2.721121429712671,26050,game flow,cpl,"Capitalized, given back",within-game,player -5
even,-51.965248206645676,4.9721827502170965,52.80416011926171,1.0508756361085534,26050,game flow,cpl,"Capitalized, given back",within-game,player -5
opponent +2,-9.108178465792271,5.698665616154594,95.66122986011511,2.5428201217762303,26050,game flow,cpl,"Capitalized, given back",within-game,player -5
opponent +5,-0.0986994326396301,7.716622176069941,104.67070889326777,5.663452756484961,26050,game flow,cpl,"Capitalized, given back",within-game,player -5
