level,impact_level,value,std_error,events,factor,metric
ahead-ahead,1,3.1566394649758833,0.05541877597570868,16675,standing,wpl
ahead-ahead,2,4.707694101711225,0.033903053811189514,48813,standing,wpl
ahead-ahead,3,5.288947110230893,0.04159363974059206,32891,standing,wpl
ahead-ahead,4,5.703586106700531,0.06585152212062577,12934,standing,wpl
ahead-ahead,5,5.916463465439714,0.10254034635411645,5988,standing,wpl
ahead-ahead,6,5.981677447863815,0.14876093919042752,2715,standing,wpl
ahead-ahead,7,6.828273153339309,0.24858207826142212,1118,standing,wpl
ahead-ahead,8,6.907772966874759,0.39683911152569945,506,standing,wpl
ahead-behind,2,4.351388609876832,0.3023438426768366,2,standing,wpl
ahead-behind,3,2.9988019215367534,0.0776646346587979,7436,standing,wpl
ahead-behind,4,3.711844585551231,0.07408678812028849,8403,standing,wpl
ahead-behind,5,4.17956195161989,0.08503733167726131,6584,standing,wpl
ahead-behind,6,4.5633949420885145,0.0968519489117668,5330,standing,wpl
ahead-behind,7,4.399269430378681,0.10198098880278264,5077,standing,wpl
ahead-behind,8,4.414213787183935,0.050111481154179835,26413,standing,wpl
ahead-level,2,3.0330868102305852,0.054322249309763836,13465,standing,wpl
ahead-level,3,3.4993730763590833,0.03303102337187073,38118,standing,wpl
ahead-level,4,4.296113578810094,0.055303782006550284,15252,standing,wpl
ahead-level,5,5.006962911470211,0.08080844742737375,7885,standing,wpl
ahead-level,6,5.442949312859675,0.10145216461879708,5623,standing,wpl
ahead-level,7,5.409018135062576,0.11572007873085226,4425,standing,wpl
ahead-level,8,5.867387175913812,0.1188103701303282,5020,standing,wpl
behind-behind,1,-0.4327101829423543,0.03755827105217414,16796,standing,wpl
behind-behind,2,1.710719706389137,0.025826253207314177,45327,standing,wpl
behind-behind,3,2.622122561486231,0.03170997868325673,33854,standing,wpl
behind-behind,4,2.688741502557283,0.048741084901743455,14195,standing,wpl
behind-behind,5,2.51366869403593,0.06927645600005841,7145,standing,wpl
behind-behind,6,2.2605972315662592,0.09865265650233188,3860,standing,wpl
behind-behind,7,1.9965343632840917,0.14218289640607865,1686,standing,wpl
behind-behind,8,2.591324130874667,0.24868916108338174,684,standing,wpl
level-behind,2,2.5589065025109248,0.04441456514787699,17387,standing,wpl
level-behind,3,2.8536843310856934,0.026159713743626238,51662,standing,wpl
level-behind,4,3.105935778249787,0.04125404547793247,22526,standing,wpl
level-behind,5,3.2350127236545534,0.05832950652524636,12101,standing,wpl
level-behind,6,2.9444584011991224,0.06661785616406557,9128,standing,wpl
level-behind,7,2.4752249375110313,0.06966093407820073,7927,standing,wpl
level-behind,8,2.5213089831585878,0.07266314955987661,8600,standing,wpl
ahead-ahead,1,81.11870895392282,3.3210523514377344,2671,standing,cpl
ahead-ahead,2,92.05878764871466,0.589228784859472,78022,standing,cpl
ahead-ahead,3,109.21289486738283,1.1737616448093133,21813,standing,cpl
ahead-ahead,4,117.59753123404082,2.002082005553112,8128,standing,cpl
ahead-ahead,5,127.60405763662433,3.291260017903429,3208,standing,cpl
ahead-ahead,6,150.06931247928122,5.857458135974292,1187,standing,cpl
ahead-ahead,7,160.76685641682354,10.012879275290148,457,standing,cpl
ahead-ahead,8,205.69033756113828,3.2246748507885052,6154,standing,cpl
ahead-behind,2,39.640314719535816,1.3234536770098746,13037,standing,cpl
ahead-behind,3,56.93177699590327,1.5021080055781335,11307,standing,cpl
ahead-behind,4,72.0003513017809,1.8877315078284556,7837,standing,cpl
ahead-behind,5,76.65855561847508,2.0606595244981762,7271,standing,cpl
ahead-behind,6,88.86054121929637,2.3990691404685536,6240,standing,cpl
ahead-behind,7,103.534627071854,2.9953579211245986,4158,standing,cpl
ahead-behind,8,141.6951857606722,2.451232241163315,9395,standing,cpl
ahead-level,1,36.51813238720948,3.6358860737099836,1798,standing,cpl
ahead-level,2,43.76623442515234,0.5866154093561027,59120,standing,cpl
ahead-level,3,72.54472046118129,1.3872325451779106,13777,standing,cpl
ahead-level,4,91.92508999493765,2.1147297567313754,6713,standing,cpl
ahead-level,5,98.07236288006757,2.701980512328131,4369,standing,cpl
ahead-level,6,109.54840136338743,4.173841502275056,2085,standing,cpl
ahead-level,7,114.49465999272374,7.623457547667437,789,standing,cpl
ahead-level,8,173.7573957332648,7.284631301124977,1137,standing,cpl
behind-behind,1,71.57572953435691,2.983652022451803,2569,standing,cpl
behind-behind,2,84.50324963682823,0.5777579551719063,78446,standing,cpl
behind-behind,3,103.37625930717593,1.1966916317912732,22803,standing,cpl
behind-behind,4,109.12990154856806,1.99224496464605,9385,standing,cpl
behind-behind,5,118.73510737455408,3.2160395106091175,4135,standing,cpl
behind-behind,6,131.2955126850433,5.472702113990077,1542,standing,cpl
behind-behind,7,158.04125524711736,9.050905772543686,588,standing,cpl
behind-behind,8,186.79343314061174,4.016062411312216,4079,standing,cpl
level-behind,1,24.61705773934743,3.0421315845256713,2478,standing,cpl
level-behind,2,35.45485078791728,0.48692383623323865,80301,standing,cpl
level-behind,3,52.882564651654015,1.1005975458986625,20818,standing,cpl
level-behind,4,56.601705193608886,1.5958266541361839,11172,standing,cpl
level-behind,5,58.388215728233845,1.9979567780703096,7787,standing,cpl
level-behind,6,63.182085546633154,2.9372359909045325,3774,standing,cpl
level-behind,7,93.56563774170618,5.233030845731933,1423,standing,cpl
level-behind,8,155.02591482727058,6.379890123940129,1578,standing,cpl
high,1,1.5598438252117508,0.05081126628455591,15643,stress,wpl
high,2,3.758948617927626,0.03500378437449309,39198,stress,wpl
high,3,5.050512442547188,0.038793480537277485,32701,stress,wpl
high,4,5.323194652392688,0.05327755212767956,16816,stress,wpl
high,5,5.65642191404971,0.07242293583950565,9935,stress,wpl
high,6,5.752184705840189,0.08879525697523157,6984,stress,wpl
high,7,5.516221470251958,0.10044784793487198,5477,stress,wpl
high,8,5.4312636794628055,0.06998964317352663,14890,stress,wpl
low,1,0.08630113914371451,0.06567795901716439,7732,stress,wpl
low,2,2.3022554717169266,0.02856931001412899,45698,stress,wpl
low,3,2.6509686212941843,0.02183550000875535,78147,stress,wpl
low,4,2.908654661019935,0.03667146637055142,30970,stress,wpl
low,5,3.0465539652650797,0.05304992488832261,15686,stress,wpl
low,6,2.9715137303692867,0.06725250644019755,10308,stress,wpl
low,7,2.7337303464374463,0.07781600743243841,7800,stress,wpl
low,8,2.833478678053745,0.06631001793491675,12561,stress,wpl
medium,1,0.8948150242154154,0.060391054127940616,10134,stress,wpl
medium,2,3.1675545924733317,0.030201320800518374,40869,stress,wpl
medium,3,3.796493785713492,0.027006366831665202,53263,stress,wpl
medium,4,4.120283247531274,0.04026285658480577,25598,stress,wpl
medium,5,4.217392024849582,0.05628148841406584,14119,stress,wpl
medium,6,4.164567222257448,0.06953029785825762,9386,stress,wpl
medium,7,4.039751451554956,0.08089809851105222,6975,stress,wpl
medium,8,4.1869248412497235,0.06258337505290947,13809,stress,wpl
high,1,107.9709516496412,3.8011361594755035,1938,stress,cpl
high,2,116.018385813069,0.5799070422832406,72301,stress,cpl
high,3,133.1631335357948,1.060707696807096,26735,stress,cpl
high,4,140.38725319027702,1.613102840919186,13221,stress,cpl
high,5,144.59693469256234,2.1228606771348413,8110,stress,cpl
high,6,147.72527143636438,2.883677872235561,4828,stress,cpl
high,7,157.40028668675035,3.992675856827394,2779,stress,cpl
high,8,192.25272674931693,2.3110542368035927,11732,stress,cpl
low,1,26.46033692807852,2.1762622708003927,4726,stress,cpl
low,2,34.51432532961206,0.3735662816362083,135534,stress,cpl
low,3,44.00383870863281,0.9101144460088489,32136,stress,cpl
low,4,45.04107709412753,1.3972643826279565,15142,stress,cpl
low,5,41.56667646866538,1.7736224062639434,9551,stress,cpl
low,6,45.125002968667076,2.645433093256367,4933,stress,cpl
low,7,52.66249919997921,4.0461991442773275,2093,stress,cpl
low,8,128.37883349586286,3.6770312357609876,4787,stress,cpl
medium,1,65.96666278912582,2.796983307413836,3033,stress,cpl
medium,2,68.95574867142257,0.4272864235017457,101870,stress,cpl
medium,3,79.24391874322414,0.8792681823439769,31745,stress,cpl
medium,4,81.63722097748419,1.351565660863174,14901,stress,cpl
medium,5,79.511857852974,1.8356438364468248,9136,stress,cpl
medium,6,84.37456267883219,2.5190316917829576,5079,stress,cpl
medium,7,96.42232124234226,3.6926556056210784,2552,stress,cpl
medium,8,139.37470980049915,3.1732674902065265,5837,stress,cpl
even,1,0.5185440790066727,0.11110245689067805,3447,game flow,wpl
even,2,2.7585121046013565,0.026805759336298435,51770,game flow,wpl
even,3,2.8998927942295016,0.018108091009641093,103595,game flow,wpl
even,4,3.1940428545143025,0.03015625073665623,43570,game flow,wpl
even,5,3.273375367890693,0.043680329995241504,22835,game flow,wpl
even,6,3.197424488611304,0.054007715943719406,15214,game flow,wpl
even,7,2.859998411793892,0.06311859517962093,11633,game flow,wpl
even,8,3.0977079507129295,0.0572756120044852,17976,game flow,wpl
opponent +2,1,0.08253773436939005,0.059737044320312994,6651,game flow,wpl
opponent +2,2,2.725972168617989,0.03644410810866736,21663,game flow,wpl
opponent +2,3,4.468897295881311,0.042536125703849924,18248,game flow,wpl
opponent +2,4,4.756826129762579,0.06245950743683343,8699,game flow,wpl
opponent +2,5,4.904093725656066,0.09121443844312134,4781,game flow,wpl
opponent +2,6,5.062428308290895,0.11485568437326875,3131,game flow,wpl
opponent +2,7,4.7837656640360375,0.13862253046859446,2256,game flow,wpl
opponent +2,8,4.841889173845961,0.10959062851223744,4829,game flow,wpl
opponent +5,1,-0.022758624659347415,0.056760460381423614,8108,game flow,wpl
opponent +5,2,1.1294996803720068,0.061071451793557704,10027,game flow,wpl
opponent +5,3,2.4814489111755873,0.10600542416007284,4207,game flow,wpl
opponent +5,4,3.353272204458918,0.16567993157785602,1795,game flow,wpl
opponent +5,5,3.4756853801280054,0.24070792488497958,946,game flow,wpl
opponent +5,6,4.111263818646587,0.2890260755095696,695,game flow,wpl
opponent +5,7,3.5972223731168707,0.34250437910836956,495,game flow,wpl
opponent +5,8,3.5756692082640944,0.23639988052255262,1580,game flow,wpl
player -2,1,2.475585520886272,0.09620413669546238,5435,game flow,wpl
player -2,2,4.178097274324611,0.045198105824594666,25617,game flow,wpl
player -2,3,4.638528789571038,0.040056064885738756,29271,game flow,wpl
player -2,4,4.77340418179626,0.056601934674144774,14886,game flow,wpl
player -2,5,5.149853102250342,0.0767396263618672,8415,game flow,wpl
player -2,6,5.220887049051407,0.10086313475305902,5488,game flow,wpl
player -2,7,5.118118391256264,0.11460357772422027,4168,game flow,wpl
player -2,8,4.809983669722521,0.07588716779314866,10825,game flow,wpl
player -5,1,2.502129087511286,0.0714381966018727,9868,game flow,wpl
player -5,2,4.0764940568379595,0.059930036458784995,16688,game flow,wpl
player -5,3,5.3350757335152945,0.08284104259663075,8790,game flow,wpl
player -5,4,5.668751318877512,0.11560426813517397,4434,game flow,wpl
player -5,5,5.864621816453592,0.15068023450221504,2763,game flow,wpl
player -5,6,5.840981683493359,0.16962429554210207,2150,game flow,wpl
player -5,7,5.972565823653325,0.1979975079042698,1700,game flow,wpl
player -5,8,5.469584726174116,0.11052411680051039,6050,game flow,wpl
even,1,27.103433043588467,2.030417860690436,5558,game flow,cpl
even,2,39.64060946055298,0.3091891566802185,171113,game flow,cpl
even,3,52.57904974896782,0.757057155729176,43478,game flow,cpl
even,4,59.42360564334231,1.1557949556992355,21185,game flow,cpl
even,5,66.65652332112334,1.4762130164197294,13599,game flow,cpl
even,6,71.80871942667771,2.082927283541111,6948,game flow,cpl
even,7,87.64129062082868,3.370484129584473,3045,game flow,cpl
even,8,135.95392428344593,3.4136550260420058,5114,game flow,cpl
opponent +2,1,83.00353266648507,3.8433251594967692,1198,game flow,cpl
opponent +2,2,98.12325280822311,0.7036050644861928,40496,game flow,cpl
opponent +2,3,118.08464248056198,1.4045257994587703,13251,game flow,cpl
opponent +2,4,125.10954677535972,2.2001712264986564,6076,game flow,cpl
opponent +2,5,127.96216846702005,2.9866250913138748,3366,game flow,cpl
opponent +2,6,133.63511545149424,4.325574400896389,1877,game flow,cpl
opponent +2,7,147.5756327744378,6.4204497284959725,978,game flow,cpl
opponent +2,8,175.7822275156675,4.405699756232868,3016,game flow,cpl
opponent +5,1,102.04301212570333,7.611875644657491,504,game flow,cpl
opponent +5,2,125.83586938605804,1.4810306380600526,15873,game flow,cpl
opponent +5,3,146.7768475594043,2.7576288225610917,4917,game flow,cpl
opponent +5,4,163.26092724755733,4.359720615464705,2048,game flow,cpl
opponent +5,5,158.88021898996237,6.3003353539202385,1097,game flow,cpl
opponent +5,6,169.19761118393575,8.228751734699774,622,game flow,cpl
opponent +5,7,171.11977057545624,11.973983545833157,353,game flow,cpl
opponent +5,8,190.8536822861857,5.251967925856697,2439,game flow,cpl
player -2,1,75.49546438522283,4.2628459681602,1705,game flow,cpl
player -2,2,75.0272754248197,0.6601290700182526,57416,game flow,cpl
player -2,3,85.73186351672089,1.19467660311412,19598,game flow,cpl
player -2,4,96.02185124837183,1.796011875091465,9188,game flow,cpl
player -2,5,100.47101077426197,2.4397345566995807,5799,game flow,cpl
player -2,6,104.74960030848673,3.199079526875037,3541,game flow,cpl
player -2,7,117.20200633249922,4.337362068514176,1931,game flow,cpl
player -2,8,162.228895526928,3.4719825203428973,4927,game flow,cpl
player -5,1,99.41803395517212,6.183253616067282,732,game flow,cpl
player -5,2,106.13965506826236,1.0775092915489706,24807,game flow,cpl
player -5,3,119.55807757549255,1.8499651180869103,9372,game flow,cpl
player -5,4,127.6674123590259,2.770148173179822,4767,game flow,cpl
player -5,5,135.56939705961395,3.661026714603528,2936,game flow,cpl
player -5,6,139.4901124903539,4.975900035141848,1852,game flow,cpl
player -5,7,140.08124321154776,6.045976870844981,1117,game flow,cpl
player -5,8,185.26903958247067,2.9976516291190953,6860,game flow,cpl
